Iteration,Best Score
1,8.024373983311652e+19
2,7.850104823319894e+19
