Iteration,Best Score
1,3.19693945822284e+18
2,2.284865095772297e+18
