Iteration,Best Score
1,6.32207813476671e+18
2,6.32207813476671e+18
