Iteration,Best Score
1,4.718551067282244e+18
2,4.5196752673066885e+18
