Iteration,Best Score
1,1.042501916660563e+19
2,9.507046166655085e+18
