Iteration,Best Score
1,7.073905289310003e+19
2,6.703727649316598e+19
