Iteration,Best Score
1,5.716297817422476e+18
2,4.777925192488415e+18
