Iteration,Best Score
1,9.28983239907266e+18
2,7.328187524138599e+18
