Iteration,Best Score
1,4.357453391559986e+19
2,3.985976224899932e+19
