Iteration,Best Score
1,1.910420314493897e+19
2,1.9028168895004905e+19
