Iteration,Best Score
1,4.469626968810004e+19
2,4.2851975588165984e+19
