Iteration,Best Score
1,5.099542614478299e+19
2,4.902621309486562e+19
