Iteration,Best Score
1,8.51413550147667e+19
2,8.205951543146632e+19
