Iteration,Best Score
1,1.0339132287438963e+19
2,9.618873537521385e+18
3,8.949458412587326e+18
4,8.400283387636781e+18
5,8.011183387702722e+18
