Iteration,Best Score
1,1.8856065943916896e+19
2,1.696109644398284e+19
