Iteration,Best Score
1,1.3146003119105636e+19
2,1.158206861917157e+19
