Iteration,Best Score
1,5.83036270476671e+18
2,5.666027204816165e+18
