Iteration,Best Score
1,4.601945656059987e+19
2,4.485355756068246e+19
