Iteration,Best Score
1,4.028551390061652e+19
2,4.013057390068246e+19
