Iteration,Best Score
1,2.1328590849224786e+18
2,1.8447451224884183e+18
