Iteration,Best Score
1,3.1967858250715284e+18
2,3.194077387653953e+18
