Iteration,Best Score
1,5.226390223272295e+18
2,3.5657715358547205e+18
