Iteration,Best Score
1,7.833547157220142e+19
2,7.700064557231617e+19
