Iteration,Best Score
1,7.915606256605629e+18
2,6.272015006671567e+18
