Iteration,Best Score
1,3.9251380682722944e+18
2,3.3898021308547205e+18
