Iteration,Best Score
1,6.832860551476652e+19
2,6.5509520448149496e+19
