Iteration,Best Score
1,5.177159212803462e+19
2,4.806918514483265e+19
