Iteration,Best Score
1,1.7413652114766717e+19
2,1.7192155214832658e+19
