Iteration,Best Score
1,4.59404699347667e+19
2,3.3125775018165977e+19
