Iteration,Best Score
1,8.228687679750223e+18
2,8.018606079816163e+18
