Iteration,Best Score
1,9.384028482143337e+19
2,9.061399110149931e+19
