Iteration,Best Score
1,1.0996831865772294e+19
2,1.0749290465854722e+19
