Iteration,Best Score
1,1.0446894614643335e+20
2,1.0307865089651581e+20
