Iteration,Best Score
1,4.27573854830347e+19
2,4.23779040831495e+19
