Iteration,Best Score
1,4.3400057080600035e+19
2,4.001113089318246e+19
