Iteration,Best Score
1,2.0348388028726667e+20
2,2.0348388028726667e+20
