Iteration,Best Score
1,4.20224164222671e+19
2,4.1884252022332645e+19
