Iteration,Best Score
1,1.9112295587422487e+19
2,1.7185680635004914e+19
