Iteration,Best Score
1,1.111542852731165e+20
2,9.711864883566597e+19
