Iteration,Best Score
1,3.005680997636794e+19
2,2.8751914559849128e+19
