Iteration,Best Score
1,8.640323320978317e+19
2,8.640323320978317e+19
