Iteration,Best Score
1,1.0349265112389507e+19
2,1.0109952637467298e+19
