Iteration,Best Score
1,1.7954864206605634e+19
2,1.625643460668806e+19
3,1.5839537731770485e+19
4,1.435097773185291e+19
5,1.435097773185291e+19
