Iteration,Best Score
1,6.444881592438961e+18
2,6.092075967504901e+18
