Iteration,Best Score
1,1.1178084755393336e+20
2,1.0934054536650773e+20
