Iteration,Best Score
1,1.4390233673116363e+19
2,1.338449829818248e+19
