Iteration,Best Score
1,1.0218779542811651e+20
2,1.0189011862818246e+20
