Iteration,Best Score
1,2.7324386654783185e+19
2,2.5556794488211427e+19
