Iteration,Best Score
1,1.5269770378900247e+19
2,1.4613442566466355e+19
