Iteration,Best Score
1,8.339493609072657e+18
2,7.76132277578878e+18
