Iteration,Best Score
1,5.960919825644986e+19
2,5.71840258565158e+19
