Iteration,Best Score
1,4.356965151726671e+19
2,4.098155639234913e+19
