Iteration,Best Score
1,1.067393584318987e+19
2,1.013352232332175e+19
