Iteration,Best Score
1,3.1442539576416715e+19
2,2.7944611576499306e+19
