Iteration,Best Score
1,9.689497756589144e+18
2,8.831337569171568e+18
