Iteration,Best Score
1,7.962804117356535e+18
2,7.237797784138598e+18
