Iteration,Best Score
1,2.396823543060026e+19
2,2.079279081066599e+19
