Iteration,Best Score
1,6.0386644828116525e+19
2,5.571236157818246e+19
