Iteration,Best Score
1,1.1006406075643319e+20
2,1.0922153250649932e+20
