Iteration,Best Score
1,8.409209037060003e+19
2,8.067766537066598e+19
