Iteration,Best Score
1,1.1527657587228316e+20
2,1.1209370649734912e+20
