Iteration,Best Score
1,7.383096800806707e+19
2,6.8402648135633e+19
