Iteration,Best Score
1,7.493823945772294e+18
2,6.819303945854719e+18
