Iteration,Best Score
1,7.872734354072657e+18
2,6.725766329138599e+18
