Iteration,Best Score
1,9.509769830395014e+19
2,9.238307546403227e+19
