Iteration,Best Score
1,2.045849725144987e+19
2,2.0399170326532293e+19
