Iteration,Best Score
1,7.3759096898949685e+19
2,7.1852983974015795e+19
