Iteration,Best Score
1,4.645938902311652e+19
2,4.381581214821508e+19
