Iteration,Best Score
1,6.369704885386803e+19
2,6.369704885386803e+19
