Iteration,Best Score
1,4.212896313239325e+18
2,3.606552250838235e+18
