Iteration,Best Score
1,5.236666452477931e+19
2,5.236666452477931e+19
