Iteration,Best Score
1,1.867636545979632e+19
2,1.5814415459849142e+19
