Iteration,Best Score
1,4.308324327144968e+19
2,4.04158616715158e+19
