Iteration,Best Score
1,8.413442173141688e+19
2,8.160327256898281e+19
