Iteration,Best Score
1,1.3507290812406e+19
2,1.290215601247194e+19
