Iteration,Best Score
1,1.392113714743897e+19
2,1.2793063647521397e+19
