Iteration,Best Score
1,9.2062273177283e+19
2,8.924874977733263e+19
