Iteration,Best Score
1,3.960840576228319e+19
2,3.888622326236561e+19
