Iteration,Best Score
1,7.166293463061654e+19
2,6.145827210983729e+19
