Iteration,Best Score
1,4.10008048322832e+19
2,4.044506383234913e+19
