Iteration,Best Score
1,3.519259665893319e+19
2,3.3958385325665972e+19
