Iteration,Best Score
1,2.010074899309988e+19
2,1.990725781316599e+19
