Iteration,Best Score
1,7.09595650972832e+19
2,6.819914584736562e+19
