Iteration,Best Score
1,2.02929546147832e+19
2,1.8415570364849144e+19
