Iteration,Best Score
1,9.604564316643336e+19
2,9.481895149983264e+19
