Iteration,Best Score
1,3.1421470165617046e+19
2,2.448079706151581e+19
