Iteration,Best Score
1,9.893858645772294e+18
2,9.84389177082175e+18
