Iteration,Best Score
1,2.534993992228318e+19
2,2.4558515922365624e+19
