Iteration,Best Score
1,5.348473924059988e+19
2,5.174263567401579e+19
