Iteration,Best Score
1,3.4362672407266517e+19
2,2.8489352657349124e+19
