Iteration,Best Score
1,1.0050400362422477e+19
2,9.8865103625049e+18
