Iteration,Best Score
1,5.108534862405991e+18
2,4.823688237471931e+18
