Iteration,Best Score
1,3.0908028048099856e+19
2,2.820880429818246e+19
