Iteration,Best Score
1,3.1382349588949852e+19
2,2.9981857969032274e+19
