Iteration,Best Score
1,5.2296177160563014e+17
2,5.2296177160563014e+17
