Iteration,Best Score
1,5.7067993828900405e+19
2,5.674633394144986e+19
