Iteration,Best Score
1,2.8543060213116514e+19
2,2.761159733819894e+19
