Iteration,Best Score
1,4.439221484720127e+19
2,4.040712996734912e+19
