Iteration,Best Score
1,3.117500131311635e+19
2,2.979432931319894e+19
