Iteration,Best Score
1,1.1319343214105627e+19
2,1.1274953189155082e+19
