Iteration,Best Score
1,7.276194621886817e+19
2,7.276194621886817e+19
