Iteration,Best Score
1,5.859726983308355e+19
2,5.598511358314949e+19
