Iteration,Best Score
1,1.1270658375739326e+19
2,1.1118953475805266e+19
