Iteration,Best Score
1,7.359983274089142e+18
2,6.849758274155082e+18
