Iteration,Best Score
1,6.8565201413916885e+19
2,6.788288171398282e+19
