Iteration,Best Score
1,9.45505050479174e+18
2,7.44896232983265e+18
