Iteration,Best Score
1,9.927711173645822e+19
2,9.284147341153226e+19
