Iteration,Best Score
1,1.4417891547250235e+19
2,1.4114187797316174e+19
