Iteration,Best Score
1,6.795534110061633e+19
2,6.795534110061633e+19
