Iteration,Best Score
1,7.890871404478318e+19
2,7.510360899484911e+19
