Iteration,Best Score
1,5.806456909144969e+19
2,5.580945034153229e+19
