Iteration,Best Score
1,6.000553646143321e+19
2,5.907993285649931e+19
