Iteration,Best Score
1,1.6535066532722964e+18
2,1.3368513283698627e+18
