Iteration,Best Score
1,4.94834051397832e+19
2,4.856957317318246e+19
