Iteration,Best Score
1,2.4429922443083563e+19
2,2.3664186609865626e+19
