Iteration,Best Score
1,9.485527504905992e+18
2,7.586156454922474e+18
