Iteration,Best Score
1,8.2109967287283e+19
2,8.036810008734912e+19
