Iteration,Best Score
1,3.066951695978281e+19
2,2.638131607648282e+19
