Iteration,Best Score
1,4.948914079811654e+19
2,4.7375383298198946e+19
