Iteration,Best Score
1,7.571214449089143e+18
2,7.230068865805264e+18
