Iteration,Best Score
1,1.295541113575582e+19
2,1.022877510832175e+19
3,9.63492698338769e+18
4,6.821166233486599e+18
5,6.511373633569024e+18
