Iteration,Best Score
1,1.099580381644986e+19
2,1.0343447566532286e+19
