Iteration,Best Score
1,6.461400879811652e+19
2,5.804069792319894e+19
