Iteration,Best Score
1,5.0683445694783185e+19
2,4.9851965507349135e+19
