Iteration,Best Score
1,3.869996705225005e+19
2,3.7306338718999314e+19
