Iteration,Best Score
1,4.0777904805600035e+19
2,3.9299029485649486e+19
