Iteration,Best Score
1,1.4193642479105636e+19
2,1.2367403729188061e+19
