Iteration,Best Score
1,8.54805254772667e+19
2,8.533742412733265e+19
