Iteration,Best Score
1,3.273931452061652e+19
2,3.096939972068246e+19
