Iteration,Best Score
1,4.3501941190726584e+18
2,3.9126737441385984e+18
