Iteration,Best Score
1,4.962761303393337e+19
2,4.8466812833999315e+19
