Iteration,Best Score
1,4.467666852811635e+19
2,4.371133685318246e+19
