Iteration,Best Score
1,1.5725013610772302e+19
2,1.4952950185821757e+19
