Iteration,Best Score
1,8.372240049402358e+18
2,7.258653622404309e+18
