Iteration,Best Score
1,5.004278506671567e+18
2,5.004278506671567e+18
