Iteration,Best Score
1,2.976354297982969e+18
2,2.976354297982969e+18
