Iteration,Best Score
1,4.925289631382239e+18
2,4.925289631382239e+18
