Iteration,Best Score
1,2.0407092536514516e+18
2,2.0407092536514516e+18
