Iteration,Best Score
1,5.031078283279697e+18
2,5.031078283279697e+18
