Iteration,Best Score
1,7.523118000697271e+18
2,7.369094861570977e+18
