Iteration,Best Score
1,1.1510066472669753e+19
2,1.0990327422453766e+19
