Iteration,Best Score
1,8.441777862818117e+18
2,3.252104209657034e+18
