Iteration,Best Score
1,2.2683579785855114e+18
2,2.2683579785855114e+18
