Iteration,Best Score
1,1.2104509942215574e+19
2,1.2104509942215574e+19
