Iteration,Best Score
1,8.109005913634966e+18
2,8.109005913634966e+18
