Iteration,Best Score
1,1.3943981540285155e+19
2,5.276802681373156e+18
