Iteration,Best Score
1,7.967888398321748e+18
2,7.781657416975699e+18
