Iteration,Best Score
1,1.0454712504979333e+19
2,4.267595018724792e+18
