Iteration,Best Score
1,7.210777890482966e+18
2,1.868424166092914e+18
