Iteration,Best Score
1,1.299394417576322e+19
2,4.232479308501403e+18
