Best Score,Worst Score,Best Improvement,Average Improvement,Iterations,Time (s),Convergence Rate,Relative Error,Convergence Speed (Stable Iterations)
6.703727649316598e+19,-2.0463974999347692e+18,-5.748173899868824e+18,-9.254440999835136e+17,2,1.8568990230560303,-1.8508881999670272e+18,1.0,2
