Best Score,Worst Score,Best Improvement,Average Improvement,Iterations,Time (s),Convergence Rate,Relative Error,Convergence Speed (Stable Iterations)
4424771882511541.0,1.0025460008242483e+17,-6.215485982371658e+19,-7.063052252695066e+17,88,181.25203585624695,-6.922002028922487e+17,1.0,0
