Best Score,Worst Score,Best Improvement,Average Improvement,Iterations,Time (s),Convergence Rate,Relative Error,Convergence Speed (Stable Iterations)
7.258653622404309e+18,1.4945625918148116e+20,1.4219760555907685e+20,7.109880277953842e+19,2,27.12558150291443,-5.567932134990244e+17,1.0,0
