Best Score,Worst Score,Best Improvement,Average Improvement,Iterations,Time (s),Convergence Rate,Relative Error,Convergence Speed (Stable Iterations)
9.84389177082175e+18,1.139698351973374e+19,1.5530917489119887e+18,3.882729372279972e+17,4,16.182533264160156,-3.882729372279972e+17,1.0,1
