Best Score,Worst Score,Best Improvement,Average Improvement,Iterations,Time (s),Convergence Rate,Relative Error,Convergence Speed (Stable Iterations)
1.1274953189155082e+19,-4.439002495054438e+16,-1.8856492173681295e+18,-1.1097506237636096e+16,2,2.254870891571045,-2.219501247527219e+16,1.0,2
