Best Score,Worst Score,Best Improvement,Average Improvement,Iterations,Time (s),Convergence Rate,Relative Error,Convergence Speed (Stable Iterations)
1.1274953189155082e+19,1.316060240592975e+19,1.8856492167746683e+18,4.714123041936671e+17,4,17.267616510391235,-4.714123041936671e+17,1.0,1
