Best Score,Worst Score,Best Improvement,Average Improvement,Iterations,Time (s),Convergence Rate,Relative Error,Convergence Speed (Stable Iterations)
2.761159733819894e+19,-9.314628749175726e+17,-1.881975374835667e+18,-2.3286571872939315e+17,2,2.5350310802459717,-4.657314374587863e+17,1.0,2
