Best Score,Worst Score,Best Improvement,Average Improvement,Iterations,Time (s),Convergence Rate,Relative Error,Convergence Speed (Stable Iterations)
1.655196913569896e+19,-3.7697759991757414e+17,-1.004764266502312e+18,-9.424439997939354e+16,2,2.4974634647369385,-1.8848879995878707e+17,1.0,2
