Best Score,Worst Score,Best Improvement,Average Improvement,Iterations,Time (s),Convergence Rate,Relative Error,Convergence Speed (Stable Iterations)
3.9299029485649486e+19,-1.478875319950549e+18,-3.642887507385131e+18,-3.6971882998763725e+17,2,1.6206047534942627,-7.394376599752745e+17,1.0,2
