Best Score,Worst Score,Best Improvement,Average Improvement,Iterations,Time (s),Convergence Rate,Relative Error,Convergence Speed (Stable Iterations)
1.0307865089651581e+20,-1.3902952499175424e+18,-9.855281114852262e+18,-3.475738124793856e+17,2,4.031851291656494,-6.951476249587712e+17,1.0,2
