Best Score,Worst Score,Best Improvement,Average Improvement,Iterations,Time (s),Convergence Rate,Relative Error,Convergence Speed (Stable Iterations)
2.0399170326532293e+19,-5.932692491757568e+16,-3.643369248356475e+17,-1.483173122939392e+16,2,2.2650351524353027,-2.966346245878784e+16,1.0,2
