Best Score,Worst Score,Best Improvement,Average Improvement,Iterations,Time (s),Convergence Rate,Relative Error,Convergence Speed (Stable Iterations)
8.160327256898281e+19,-1.835740687451095e+18,-4.3668898498851635e+18,-6.327872906085171e+17,2,1.8551554679870605,-1.2655745812170342e+18,1.0,2
