Best Score,Worst Score,Best Improvement,Average Improvement,Iterations,Time (s),Convergence Rate,Relative Error,Convergence Speed (Stable Iterations)
1.1293474506944412e+19,1.3453447631614718e+19,2.1599731246703063e+18,1.0799865623351532e+18,2,9.472513437271118,-1.0799865623351532e+18,1.0,0
