Best Score,Worst Score,Best Improvement,Average Improvement,Iterations,Time (s),Convergence Rate,Relative Error,Convergence Speed (Stable Iterations)
1.4101377422504909e+19,1.4705669934856546e+19,6.042925123516375e+17,1.5107312808790938e+17,4,16.256259202957153,-1.5107312796015053e+17,1.0,1
