Iteration,Best Score
1,1.968716423172593e+18
2,1.968716423172593e+18
