Iteration,Best Score
1,1.6928946735616535e+19
2,1.655196913569896e+19
