Iteration,Best Score
1,1.3925829025616538e+19
2,1.2483511838165991e+19
