Iteration,Best Score
1,1.717271391644987e+19
2,1.6943174729015812e+19
