Iteration,Best Score
1,4.679050753643318e+19
2,4.449063420314949e+19
