Iteration,Best Score
1,1.2332712899061785e+20
2,1.150122571573656e+20
