Iteration,Best Score
1,4.298394897143337e+19
2,3.963883500898283e+19
