Iteration,Best Score
1,2.871783306560003e+19
2,2.5257875982316155e+19
