Iteration,Best Score
1,1.0491543598560002e+20
2,1.0081594588568245e+20
