Iteration,Best Score
1,8.291994491060003e+19
2,8.08201886606495e+19
