Iteration,Best Score
1,3.1660476303100035e+19
2,2.9539317153182458e+19
