Iteration,Best Score
1,9.449945756476649e+19
2,9.190982453983265e+19
