Iteration,Best Score
1,3.2326261234783183e+19
2,3.232315335983264e+19
