Iteration,Best Score
1,1.470566993434551e+19
2,1.470566993434551e+19
1,1.4705669934856546e+19
2,1.4101377422504909e+19
