Iteration,Best Score
1,1.4793942758396783e+19
2,1.4793942758396783e+19
