Iteration,Best Score
1,1.9457312386680656e+19
2,1.9457312386680656e+19
