Iteration,Best Score
1,1.5403778096697147e+19
2,1.5403778096697147e+19
