Iteration,Best Score
1,1.470566993434551e+19
2,1.470566993434551e+19
