Iteration,Best Score
1,2.4727615842301087e+18
2,2.4727615842301087e+18
