Iteration,Best Score
1,4.800668312332649e+18
2,4.800668312332649e+18
