Iteration,Best Score
1,1.35365929588029e+18
2,1.35365929588029e+18
