Iteration,Best Score
1,1.153767042243156e+19
2,1.153767042243156e+19
