Iteration,Best Score
1,1.4478185758495693e+19
2,1.4478185758495693e+19
