Iteration,Best Score
1,2.0173674394279567e+19
2,2.0173674394279567e+19
