Iteration,Best Score
1,8.570561113446227e+18
2,8.570561113446227e+18
