Iteration,Best Score
1,1.0409073238314349e+19
2,1.0409073238314349e+19
