Iteration,Best Score
1,7.962804116631196e+18
2,7.962804116631196e+18
