Iteration,Best Score
1,1.8049481524480466e+18
2,1.8049481524480466e+18
