Iteration,Best Score
1,1.3256203635046963e+19
2,1.3256203635046963e+19
