Iteration,Best Score
1,9.62598739824841e+18
2,9.62598739824841e+18
