Iteration,Best Score
1,7.913139704701273e+18
2,7.913139704701273e+18
