Iteration,Best Score
1,8.854950213949863e+18
2,8.854950213949863e+18
