Iteration,Best Score
1,1.9677869518116532e+19
2,1.9677869518116532e+19
