Iteration,Best Score
1,8.594346415600042e+18
2,8.594346415600042e+18
