Iteration,Best Score
1,6.532557898116528e+18
2,6.532557898116528e+18
