Iteration,Best Score
1,1.316060240592975e+19
2,1.316060240592975e+19
