Iteration,Best Score
1,1.0508954051581745e+19
2,1.0508954051581745e+19
