Iteration,Best Score
1,8.960410608330833e+18
2,8.960410608330833e+18
