Iteration,Best Score
1,1.2117042083116528e+19
2,1.2117042083116528e+19
