Iteration,Best Score
1,5.203704785112893e+18
2,5.203704785112893e+18
