Iteration,Best Score
1,1.1876954465129382e+19
2,1.1876954465129382e+19
