Iteration,Best Score
1,5.594046348396772e+18
2,5.594046348396772e+18
