Iteration,Best Score
1,6.900601741581741e+18
2,6.900601741581741e+18
