Iteration,Best Score
1,1.6834130185063449e+19
2,1.6834130185063449e+19
