Iteration,Best Score
1,1.0673935842283194e+19
2,1.0673935842283194e+19
