Iteration,Best Score
1,1.0590317556515803e+19
2,1.0590317556515803e+19
