Iteration,Best Score
1,5.342616357349133e+18
2,5.342616357349133e+18
