Iteration,Best Score
1,5.468309861614712e+18
2,5.468309861614712e+18
