Iteration,Best Score
1,6.823708722629379e+18
2,6.823708722629379e+18
