Iteration,Best Score
1,1.1395534165698953e+19
2,1.1395534165698953e+19
