Iteration,Best Score
1,4.5148470675634406e+18
2,4.5148470675634406e+18
