Iteration,Best Score
1,1.1218095641515803e+19
2,1.1218095641515803e+19
