Iteration,Best Score
1,1.3940119018133025e+19
2,1.3940119018133025e+19
