Iteration,Best Score
1,1.139698351973374e+19
2,1.139698351973374e+19
