Iteration,Best Score
1,1.1475324204197136e+19
2,1.1475324204197136e+19
